Вакансия;Ссылка;Компания;Оплата;Описание;Требования
Разработчик Python/Django + React.js;https://omsk.hh.ru/vacancy/31844761?query=django; Ivelum;145 000-255 000 руб.;;...разработке от трех лет, и в том числе с использованием Django. Мы также ожидаем, что у вас есть опыт и...
Программист Python;https://omsk.hh.ru/vacancy/31651569?query=django; Insilico Medicine, Inc;100 000-180 000 руб.;Алгоритмическая подготовка.;Техническое образование или эквивалентный практический опыт. Хороший опыт разработки на Python. Опыт разработки веб-приложений.
Web-разработчик Python/Django (Middle);https://omsk.hh.ru/vacancy/31634070?query=django; Direct Line;от 50 000 руб.;Разработка сайтов, торговых площадок на Django и Python 3. Разработка интеграционных решений для сайтов. Доработка сайтов, модулей и компонентов. ;Хорошее знание Python. Уверенное знание Django. Понимание ORM. Опыт работы с Git. СУБД PostgreSQL. Опыт работы на Linux. 
Разработчик Python / Django;https://omsk.hh.ru/vacancy/31709650?query=django;ООО БИТ;от 45 000 руб.;Разработка Web и поддержка приложения на Django 2. Устранение уязвимостей. Модификация реализованого функционала.;Опыт разработки, а так же наличие примеров работ на Python 3. Знание ООП. Хорошее знание Django. Понимание командной работы на...
Программист Python Django;https://omsk.hh.ru/vacancy/31342470?query=django; BR Lab;100 000-150 000 руб.;Разработка backend (Python, Django) и REST API. Участвовать в разработке сервисов с применением машинного обучения. Заниматься оптимизацией и рефактрингом кода. ;Опыт с Python и Django. Опыт работы с PostgreSQL. Желание писать красивый и поддерживаемый код. Знание паттернов разработки и принципов...
Программист Python Django;https://omsk.hh.ru/vacancy/31343370?query=django; BR Lab;80 000-120 000 руб.;Разработка backend (Python, Django) и REST API. - Участвовать в разработке сервисов с применением машинного обучения.;Опыт с Python и Django. - Опыт работы с PostgreSQL. - Желание писать красивый и поддерживаемый код. - Знание паттернов разработки и принципов...
Программист Python/Django;https://omsk.hh.ru/vacancy/31644976?query=django; ГБУ ДО Дом юношеского технического творчества Челябинской области;20 000-25 000 руб.;Внесение изменений в разработанные ранее сайты. Возможны другие задачи по мере профессионального развития специалиста. Создание веб-сайтов по техническому заданию.;Навыки веб-разработки, желательно Python/Django. Навыки вёрстки и уверенное владение HTML/CSS. Опыт использования jQuery. Опыт работы с GNU...
Разработчик Python;https://omsk.hh.ru/vacancy/31617755?query=django; NAJET;90 000-130 000 руб.;Работа по ТЗ в составе группы участников. Качественная разработка и отладка программного кода. Качественное внедрение проектов.;Опыт работы с фреймворками: Tornado (async), Flask, Django. Опыт написания SQL запросов. Опыт работы с linux. Опыт работы в команде. 
Senior Python Developer;https://omsk.hh.ru/vacancy/31987135?query=django;ООО Центробит;150 000-220 000 руб.;Развитием и поддержкой e-commerce платформы. Разработкой новой функциональности, сопровождением уже имеющихся клиентов. Разработкой инфраструктурных сервисов. Работа над серьезными проектами...;Опыт Python разработки от 2 лет. Знание фреймворка Django обязательно. Опыт работы с Redis, Celery. Опыт работы с PostgreSQL. 
Python Senior Backend Developer;https://omsk.hh.ru/vacancy/31620585?query=django;ООО Декаст М;от 200 000 руб.;Работа с большими данными, анализ данных, разработка парсеров и интеграций. Поддержка высоконагруженных систем. DevOps и Continuous Integration: docker, docker-compose...;Опыт производственной разработки в команде на Django с Python 3. Понимание объектно-ориентированного, функционального и структурного программирования. АПИ, БД, ОО...
Frontend-разработчик;https://omsk.hh.ru/vacancy/31617787?query=django; NAJET;80 000-100 000 руб.;Работа по ТЗ в составе группы участников. Качественная разработка и отладка программного кода. Качественное внедрение проектов.;Знакомство c less или другими препроцессорами. Опыт работы с шаблонизаторами Django/Twig/Swi. Опыт работы с *nix консолью. 
Ведущий разработчик Python на платежную платформу;https://omsk.hh.ru/vacancy/31705453?query=django;ИП Новикова Ольга Станиславовна;от 250 000 руб.;Принятие на поддержку существующего финтех проекта, дальнейшее его развитие (интеграции, доп.функционал и тд).;Опыт разработки и поддержки крупных коммерческих проектов, реализованных на Python (Django) от 3х лет. Знание тонких мест реализации фреймворка...
Python Middle Developer (backend программист);https://omsk.hh.ru/vacancy/31538177?query=django;ООО Умный полис;80 000-140 000 руб.;Разработка микро-сервисов, проектирование rest API (мы работаем с Django и postgresql). DevOps (CI CD, Doker, Kubernetes). Ежедневные код ревью...;
Frontend-разработчик (Middle/Senior);https://omsk.hh.ru/vacancy/31798105?query=django; Direct Line;60 000-100 000 руб.;Разработка и поддержка сайтов на Django. Кроссбраузерная и адаптивная верстка. Работа из Zeplin и Figma. Поддержка существующего кода.;Хорошее знание HTML5. Отличное владение CSS3, SASS. Опыт разработки на JS/jQuery. Опыт работы с ReactJS. 
Mid/Sr Python Developer, Betmaster (relocation);https://omsk.hh.ru/vacancy/31873540?query=django; Anchous Drive Recruitment;2 500-5 000 EUR;Полноценное участие в разработке продукта на бекенде: реализация новых фич, добавление интеграций и новых видов спорта, улучшение сервиса. ;Хороший опыт бекенд разработке на Python и Django. Понимание и опыт работы с SQL БД, идеально — PostgreSQL. Умеешь применять асинхронные...
Python developer/ backend разработчик;https://omsk.hh.ru/vacancy/31895113?query=django; АЛИБРА;от 150 000 руб.;Быть в плотной коммуникации с project менеджером, разработчиками и другими членами команды. Участвовать в daily-митингах. Копаться в чужом коде. ;Опыт разработки от 3х лет. Опыт использования Django совместно с Django rest framework. Опыт использования Celery/Redis. 
Junior Backend Developer ( Elixir / Erlang );https://omsk.hh.ru/vacancy/31538598?query=django; Adwirk Group;50 000-100 000 руб.;Поддержка существующих модулей системы. Разработка новых модулей системы. Разработка программных тестов для существующих и новых модулей. Составление документации к реализованному...;Опыт разработки на одном из следующих языков: Ruby(Ruby on Rails), Python(Django), NodejS, Lua. Внимание! Опыт в Elixir / Erlang...
Программист Python (Middle);https://omsk.hh.ru/vacancy/31668314?query=django;ООО Контент лайн;90-120 руб.;Разработка, code review и рефакторинг систем. Участие в проектировании систем. Сопровождение и документирование проектов.;Уверенное знание Python 2 и 3. Уверенное знание Django 1.8+ и популярных пакетов для него. Знание SQL и...
Программист/веб-разработчик (backend);https://omsk.hh.ru/vacancy/31870674?query=django;ООО ХО-ТИМ ТЕХНОЛОДЖИ;от 60 000 руб.;Участвовал в разработке архитектурных решений, написании и расширение API. Участие в формировании стратегии по развитию продуктов.;Настраивал Веб сервер Nginx. Знаешь фреймворки Django, CSS-стили, JavaScript. Работал с СУБД PostgreSQL структурой и оптимизацией. Опыт работы с...
Ведущий Full Stack разработчик / Lead Full Stack Developer;https://omsk.hh.ru/vacancy/31797485?query=django;ООО Open Media;150 000-250 000 руб.;Самостоятельное решение сложных технических задач. Планирование и разработка от бизнес идеи до продакшна. Разработка архитектуры новых и рефакторинг существующих приложений. ;Знание алгоритмов, структур данных, паттернов проектирования, способность писать эффективный код. Знание Python, JavaScript, SQL, REST, HTML5, CSS3. 
DevOps Инженер (Junior);https://omsk.hh.ru/vacancy/31801233?query=django; МФТИ ГУ;80 000-100 000 руб.;автоматизация деплоя компонентов библиотеки с открытым кодом DeepPavlov в инфраструктуре проекта. - администрирование инфраструктуры проекта (Kubernetes, Docker, 2 x NVIDIA DGX). - ;знакомство с любым веб-фреймворком для Python (Flask, Django, …). - опыт работы с системами контроля версий (мы используем git). - 
Fullstack-разработчик (Python + Django);https://omsk.hh.ru/vacancy/31601720?query=django;ООО ЦЦЭТ;60 000-120 000 руб.;Разработка веб-приложений и сайтов различной степени сложности. Разработка веб-сервисов и API. Проектирование структур баз данных. Разработка функционала фронтенда...;Опыт разработки на Python + Django. Опыт работы с PostgreSQL, умение строить сложные SQL-запросы c оптимизацией производительности. 
Web developer (Python);https://omsk.hh.ru/vacancy/31934263?query=django;ООО Вайт Код;от 200 000 руб.;Разрабатывать новые фичи и улучшать имеющиеся, заниматься расширением функциональности высоконагруженных систем. Проектирование архитектуры, разработка и развитие веб-проектов. ;Хорошие знания Python (Django). Опыт разработки высоконагруженных систем. Большой опыт работы с базами данных и NoSQL (postgresql, redis). 
Начинающий фулл-стек разработчик;https://omsk.hh.ru/vacancy/31708030?query=django;ООО ВЕБИМ.РУ;30 000-100 000 руб.;Дорабатывать и сопровождать сервис чата. Работать в команде над интересным проектом. Использовать git, jira, pycharm, phpstorm и другие инструменты.;Python Django. JavaScript Angular. Знание алгоритмов и структур данных. Приветствуется участие в олимпиадах по программированию.
Backend Python Developer;https://omsk.hh.ru/vacancy/29523720?query=django;ООО Авгуро Технолоджис;30 000-150 000 руб.;Backend разработчику предстоит реализовывать и развивать серверную часть веб-сервисов, принимая аналитические архитектурные решения, а также дорабатывать имеющуюся инфраструктуру.;От 1 года коммерческого опыта в Python, Django, SQL (опыт во freelance не учитывается). Владение Linux. Знание SQL и реляционных...
Python-разработчик;https://omsk.hh.ru/vacancy/31965654?query=django; ANVIO;до 130 000 руб.;Разработка новых фич и доработка текущего функционала сайта компании. Интеграция с внешними и внутренними сервисами. Маркетинговая аналитика. Личные кабинеты.;Иметь опыт работы с Django, знать основные особенности и функционал фреймворка. Быть знакомым с PostgreSQL и командной строкой Linux. 
React (Native) developer;https://omsk.hh.ru/vacancy/31537035?query=django; Студия Павла Яковлева;от 30 000 руб.;Работа над конкретными проектами.;+ Опыт в backend-технологиях и фреймворках (Node.js, Java/Spring MVC, RoR, Django и т.д.). + Опыт нативной разработки...
Преподаватель компьютерных/IT курсов, программирования, информатики, робототехники;https://omsk.hh.ru/vacancy/30137791?query=django; ЧУ ДО Школа программистов;до 100 000 руб.;Web-дизайн, CMS, PHP, JavaScript. Компьютерное железо. Робототехника и микроконтроллеры. Системное администрирование. Компьютерные сети. Подготовка к ЕГЭ/ОГЭ.;Вы обладаете опытом публичных выступлений. Получили или скоро получите техническое или педагогическое высшее образование. Вы хотите работать в области преподавания. 
Старший Full Stack разработчик;https://omsk.hh.ru/vacancy/31937652?query=django;ООО Open Media;120 000-200 000 руб.;Самостоятельное решение сложных технических задач. Планирование и разработка от бизнес идеи до продакшна. Разработка архитектуры новых и рефакторинг существующих приложений. ;Знание алгоритмов, структур данных, паттернов проектирования, способность писать эффективный код. Знание Python, JavaScript, SQL, REST, HTML5, CSS3. 
Frontend developer;https://omsk.hh.ru/vacancy/29671454?query=django;ООО Авгуро Технолоджис;30 000-90 000 руб.;Деятельное и ответственное участие в командной работе по развитию уникальной контрольной панели хостинга и иных проектов. В связи с интенсивным...;Базовые знания SQL, Python, Django. Понимание принципов работы HTTP и смежных технологий. Стремиться писать чистый, аккуратный и осмысленный код. 
Middle Fullstack Веб Разработчик;https://omsk.hh.ru/vacancy/31842145?query=django; Carbon Soft;80 000-120 000 руб.;Backend разработка веб-служб на Python. Frontend разработка веб-интерфейсов.;Опыт работы с HTML, CSS, Vanilla JS, Bootstrap и jQuery. Опыт работы с Framework Django, Flask или подобными. 
Python разработчик ‍‍;https://omsk.hh.ru/vacancy/30934505?query=django;ООО АппФоллоу;70 000-140 000 руб.;Парсинг и хранение данных: (ключевые слова, позиции приложений в Top чартах, фичеринг) в App Store и Google Play, Mac Store...;Python-разработчик, найдись! Уверенное владение Python, MySQL, MongoDB, Redis. Владение WSGI frameworks, Aiohttp или Asyncio производных. Понимание распределенных/параллельных вычислений. 
Frontend-разработчик;https://omsk.hh.ru/vacancy/31568237?query=django;ООО Эктострой;от 55 000 руб.;Front-end – разработка сайтов. Верстка интерфейсов пользователя с поддержкой мобильных и десктопных браузеров. Разработка, отладка и тестирование мобильных приложений для...;Знание систем разработки приложений и особенности архитектур современных мобильных ОС. Знания C++ и Java. Непрерывное развитие и совершенствование своей деятельности...
Программист Python;https://omsk.hh.ru/vacancy/31967594?query=django;ООО Ронда Лимитед;45 000-120 000 руб.;Разработка программного и аппаратного обеспечения для устройств обработки изображения, таких как экшн-камеры, видеорегистраторы, камеры виртуальной реальности, дроны, квадрокоптеры и...;Уверенное владение Python 3+, опыт с Django и venv будет плюсом. Опыт разработки и поддержки сетевых и web-сервисов...
Frontend-разработчик (Junior);https://omsk.hh.ru/vacancy/31525199?query=django;ООО Контент лайн;70 000-100 000 руб.;Разработка клиентской части web-проектов (верстка в приоритете). Сопровождение и документирование проектов.;Опыт клиентской оптимизации веб-страниц. Опыт работы с диаграммами (D3JS/ChartJS/HighchartsJS/Flot или др.). Знание шаблонизатора Django...
Python разработчик ( Backend Software Engineer);https://omsk.hh.ru/vacancy/31671367?query=django;ООО PERX;80 000-120 000 руб.;Разработка новых проектов и поддержка существующих проектов компании: Облачная контентная система – кольцо дилерских сайтов. Платформа для автопроизводителей по учету автомобилей...;Опыт работы с одним из web-фреймворков (Flask, Aiohttp, Django, Pyramid). Опыт работы с ORM: SQLAlchemy, mongoengine или DjangoORM. 
Frontend developer;https://omsk.hh.ru/vacancy/29663805?query=django;ООО Авгуро Технолоджис;до 180 000 руб.;;Приветствуется опыт работы с SASS, jQuery, Vue.js, Node.js, Webpack или готовность изучить их. Базовые знания SQL, Python, Django. 
Python разработчик;https://omsk.hh.ru/vacancy/31830274?query=django;ООО Очень Интересно;70 000-110 000 руб.;Оптимизация и профилирование Python кода. Документацию, которая обновляется (и тех, кто над ней работает). Создание API, Backend для мобильных, веб...;Планируете свое решение, прежде чем написать первую строчку кода. Плюсом будет: Django & Django Rest Framework. Опыт работы с Vue (or...
Middle Python developer;https://omsk.hh.ru/vacancy/30108682?query=django; FinPay;90 000-120 000 руб.;;Продуктивный опыт разработки на Python/Django минимум 1,5 года. Продвинутые знания Postgres. Опыт работы с MongoDB, Redis, Celery. 
Back-end Developer (Python-разработчик);https://omsk.hh.ru/vacancy/31270673?query=django;ООО Raccoon Studio;30 000-60 000 руб.;Проектирование и разработка back-end API для мобильных приложений и веб-сервисов (SPA, PWA). Проектирование архитектуры базы данных. ;Опыт работы с фреймворками для создания RESTful API (Flask, Tornado, Django/Django-REST, Falcon, другие). Знание ООП, владение основными паттернами...
Web-программист;https://omsk.hh.ru/vacancy/31439425?query=django;ООО Мир Калкулэйт;до 80 000 руб.;Разработка высоконагруженных web-проектов. Поддержание работы сайта.;Знания: PHP, Python, Django, HTML, CSS, SQL, JavaScript, jQuery, Ajax, XML, JSON, DHTML. При отсутствии знаний Python обязателен опыт работы...
Python-разработчик;https://omsk.hh.ru/vacancy/31114402?query=django;ООО Shortest Track;70 000-150 000 руб.;Разработка и улучшение функционала платформы: внедрение и работа с платежными системами, мониторинг и выполнение алгоритмов, автоматический деплой моделей, редактирование и...;Django и Flask. PostgreSQL. Умение составлять сложные запросы и оптимизировать нагрузку. Git. Unit-тестами.
Разработчик в сфере Информационной безопасности (Team Lead);https://omsk.hh.ru/vacancy/31689760?query=django; Акрибия;от 140 000 руб.;Ведение проекта. Улучшение текущей функциональности. Разработка новой функциональности. Генерация идей по улучшению проекта. Проектирование архитектуры. Создание новых API модулей.;Опыт разработки на интерпретируемых языках (Python, bash, node.js, PHP, Ruby, etc.). Знание Django Framework. Опыт реализации REST API. 
Web-разработчик (Python);https://omsk.hh.ru/vacancy/10061971?query=django; Доктор Веб;от 120 000 руб.;Разработка, поддержка и сопровождение сайтов и веб-сервисов компании.;Знание Python (опыт работы от 2-3 лет). Знание Django (другого аналогичного фреймворка). Знание SQL, плюсом будет опыт работы с...
Python-разработчик (Кипр, Лимассол);https://omsk.hh.ru/vacancy/26579688?query=django; Кадровое агентство Алексея Сухорукова;до 3 500 EUR;Работа в команде разработчиков финансовых инструментов, создание высоконагруженных и отказоустойчивых систем, внутренних продуктов с использованием современных технологий. Создание архитектуры баз...;Плюсом будет следующий опыт: Опыт разработки с использованием Django. Проектная работа в Jira, продвинутое использование Git. WEB технологии: HTML, CSS...
Middle Python developer;https://omsk.hh.ru/vacancy/29484191?query=django; Деньга;90 000-120 000 руб.;Работа в команде разработчиков финансовых инструментов, создание высоко нагруженных и отказоустойчивых систем. Работа над крупными интернет корпоративным проектом (собственное ПО). ;Продуктивный опыт разработки на Python/Django минимум 3 года. Продвинутые знания Postgres. Опыт работы с MongoDB, Redis, Celery. 
Senior Python Developer;https://omsk.hh.ru/vacancy/27534668?query=django; ПЕРВЫЙ ЦУПИС;от 115 000 руб.;Разрабатывать новые части системы (микросервисы, SOA). Переписывать сервисы с Java на Python. Проводить Code Review коллег. Покрывать написанный код тестами. ;Уверенное знание Python. Опыт работы с Django, DRF. Умение писать SQL запросы без использования ORM. Понимание REST API, SOA, асинхронной...
Python Developer;https://omsk.hh.ru/vacancy/30505061?query=django;ООО АпТрейдер (UpTrader);80 000-120 000 руб.;Design, build, and deploy software systems that run 24/7 at increasing scale. Develop custom tools and automate processes to...;Fluency in Python and Django. Strong knowledge of systems and application design, with an understanding of operational and reliability trade...
Программист Python (middle);https://omsk.hh.ru/vacancy/30567921?query=django;ООО Строительный Двор;100 000-150 000 руб.;использование тестов в процессе разработки, покрытие своего кода тестами. - работа в команде разработчиков. - качественное и своевременное исполнение задач web-проекта...;опыт работы от 2+ года в разработке Python, или других языках. - практический опыт работы с операционными системами семейства *nix. - 
Разработчик Python (Full stack);https://omsk.hh.ru/vacancy/28260446?query=django; МАГНИТ, Розничная сеть;до 100 000 руб.;Разработка клиентов приема-передачи данных на основе языка Python. Разработка клиентской части сервисов и приложений. Разработка среднего слоя приложений на...;Уверенное знание и опыт применения Python (Django, CherryPy, Flask и пр.). Хорошее знание JavaScript, HTML, CSS, jQuery, ExtJS. 
Технический руководитель;https://omsk.hh.ru/vacancy/31758458?query=django;ООО Дунайс;от 100 000 руб.;Разработка архитектуры IT-проектов. — Участие в планировании задач для команды.;Систематизация накопленного технического опыта в базе знаний компании. — Координация работы разработчиков, ревью кода. Необходимые навыки и знания: — Опыт работы не...
Python разработчик;https://omsk.hh.ru/vacancy/31543196?query=django; Точка;до 150 000 руб.;Ты будешь разрабатывать бэкенд интернет-банка, принимать архитектурные решения и участвовать в создании действительно масштабного проекта. Задачи по-настоящему разные...;Работал с Python 3.6, asyncio (async/await), веб-фреймоворками (aiohttp, flask, Django), ORM (peewee, SQLAlchemy, Django ORM). 
Middle Python разработчик;https://omsk.hh.ru/vacancy/31447266?query=django;ИП Sibdev;60 000-90 000 руб.;;Опыт от 2 лет. – Хорошее знание Python / Django. – Знание архитектурных и программных нюансов серверного приложения. – Возможно придется сталкиваться с фронтендом...
Back-end разработчик Python;https://omsk.hh.ru/vacancy/31547598?query=django; UBEX AI AG;100 000-180 000 руб.;Участвовать в разработке международного рекламного проекта. Писать с нуля большую часть высоконагруженной рекламной RTB - платформы (DSP/ADEX/SSP, биллинг, нейросеть...;Python 3.6 на отлично. Опыт работы с Django. Глубокое знание современных веб технологий. Опыт работы с SQL. 
DevOps Engineer;https://omsk.hh.ru/vacancy/31736267?query=django; BestDoctor;170 000-220 000 руб.;Перевести существующую инфраструктуру на Kubernetes. Ускорить CI, сборку и деплой и улучшить его инструменты. Сделать сервисы быстрее и надёжнее. ;Backend: Python 3.7, Django, Flask. Frontend: TypeScript, React. Mobile: React Native. CentOS 7, PostgreSQL (9.6), Redis, ElasticSearch. 
Системный администратор (международный формат);https://omsk.hh.ru/vacancy/31413194?query=django;ООО Капитал;60 000-120 000 руб.;Хорошие навыки общения и сотрудничества. ● Интересные каждодневные задачи и международное общение. ● Тренинги с учетом ваших конкретных карьерных планов. SYSTEM ADMINISTRATOR.;Мы ищем человека, сочетающего в себе следующие навыки: ● Расширенные знания операционной системы Linux. ● Bash, Python и скрипты Powershell. ● 
Backend Developer;https://omsk.hh.ru/vacancy/31890856?query=django;ООО Ключевой фактор;30 000-70 000 руб.;Разрабатывать backend часть для веб и мобильных приложений. Поддерживать серверную часть существующих приложений. Конструктивно взаимодействовать в команде. Имеешь какой-то...;Знаешь хотя-бы один из серверных языков (NodeJS, Python, PHP, Ruby). Умеешь писать простой и понятный код, следуя принятой методологии. 
Бизнес-аналитик в команду Internal;https://omsk.hh.ru/vacancy/31919117?query=django; BestDoctor;до 150 000 руб.;Под этим мы понимаем создание сервисов и интеграции с внешними инструментами (slack, amocrm, trello, email и др.) для всех операционных...;Способен находить решения, используя сторонние сервисы или настраивая существующие. Слова Docker/Django/Flask/REST/JSON/OData для тебя не пустой...
Инженер-программист;https://omsk.hh.ru/vacancy/31974753?query=django;АО Атомтехэнерго;30 000-70 000 руб.;Разработка, отладка и сопровождение программного обеспечения. Рефакторинг кода программного обеспечения. Разработка юнит-тестов. Разработка эксплуатационной документации программного обеспечения. ;Навыки самостоятельного проектирования ПО, знание ООП, алгоритмов. Хорошее знание C++, SQL, Python/Django, React/Redux, Java EE (JSP), юнит-тесты...
Программист Московского бэк-офиса Чешского банка;https://omsk.hh.ru/vacancy/31984916?query=django; Euro Str Limited;100 000-250 000 руб.;Бэкенд если python (серверная часть) - flask, django, tornado (на выбор). Можно ruby, golang(другие языки программирования). Бд (база данных) - postgresql...;Фронт (angular, react, vue на выбор - современные вебфреймворки node.js). Опыт работы с restAPI. Понимание модульности в этих технологиях. 
Junior Python разработчик;https://omsk.hh.ru/vacancy/28755864?query=django; Крона-КС;от 30 000 руб.;Доработка и развитие наших облачных сервисов (фронт, бэк, мобильное приложение под iOS и Android), написание unit-тестов, участие в разработке...;Знание Python. Понимание основных структур данных. Активное стремление профессионально развиваться и строить успешную карьеру в области разработки инновационного ПО. 
Web-разработчик (г. Рыбинск);https://omsk.hh.ru/vacancy/31964651?query=django;ООО Электроника, ПСЦ;от 40 000 руб.;Качественная разработка программного обеспечения. Разработчик web.;Знание и опыт применения системы контроля версий (git). Приветствуется опыт работы с Django, PostgreSQL, Vue.js, JQuery, EasyUI, Angular, Dojo. 
Full Stack Developer / Разработчик ( Java / Frontend);https://omsk.hh.ru/vacancy/23718194?query=django;ООО Креатик Софт;до 100 000 руб.;Смесь Amazon и Uber для Middle East — каталог местных бизнесов с их товарами и сервис их доставки, а заодно и...;Знание Grails, PHP, Ruby on Rails, Django, Struts. Преобразование данных XML, XSLT, XPath, JSON. Опыт работы с сервисами безопасности (e...
Frontend Developer (middle/senior);https://omsk.hh.ru/vacancy/26139135?query=django;ООО Креатик Софт;80 000-150 000 руб.;Смесь Amazon и Uber для Middle East — каталог местных бизнесов с их товарами и сервис их доставки, а заодно и...;Знание Grails, PHP, Ruby on Rails, Django, Struts, Zend. Преобразование данных XML, XSLT, XPath JSON. Опыт длительного развития написанных другими...
Backend Java Developer (middle/senior);https://omsk.hh.ru/vacancy/23111276?query=django;ООО Креатик Софт;90 000-150 000 руб.;Центральная часть платформы Tradeshift — e-commerce “соцсети”, которая соединяет корпоративных покупателей и поставщиков, автоматизирует их взаимоотношения. Смесь Amazon и Uber...;Знание Grails, PHP, Ruby on Rails, Django, Struts. Преобразование данных XML, XSLT, XPath JSON. Опыт работы с сервисами безопасности (e...
Junior PHP-разработчик;https://omsk.hh.ru/vacancy/31956202?query=django;ИП Sibdev;30 000-50 000 руб.;;Опыт в PHP и Wordpress от 1 года. Владение СУБД PostgreSQL/MySQL + Redis. Базовые знания вёрстки HTML, SCSS, Gulp. 
Программист Python;https://omsk.hh.ru/vacancy/31925598?query=django; Элек.ру;от 25 000 руб.;;Знание Python/Django. Знание HTML, CSS, JavaScript. Опыт програмирования.
Аналитик в известную ит - компанию;https://omsk.hh.ru/vacancy/31955853?query=django;ООО Уника;90 000-130 000 руб.;Анализ бизнес-процессов клиента на соответствие текущим возможностям системы, разработка изменений в процессы предприятия. Постановка бизнес-задачи программистам на разработку...;Знания в прикладной области: Python, Django, HTML5, CSS3, Javascript, фреймворки Frontend, Redis, опыт работы с git, Jenkins, СУБД...
Разработчик Python;https://omsk.hh.ru/vacancy/31559788?query=django; Ingate;от 95 000 руб.;Проектирование и реализация программных систем. Доработка, отладка и оптимизация существующих программ. Анализ и решение сложных технических проблем.;...от 2 лет. Желательно знание базовых структур данных и операций над ними. Желателен опыт работы с Django, Tornado, Flask, Falcon.
Разработчик Python;https://omsk.hh.ru/vacancy/31559789?query=django; Ingate;от 95 000 руб.;Проектирование и реализация программных систем. Доработка, отладка и оптимизация существующих программ. Анализ и решение сложных технических проблем.;...от 2 лет. Желательно знание базовых структур данных и операций над ними. Желателен опыт работы с Django, Tornado, Flask, Falcon.
Разработчик Python;https://omsk.hh.ru/vacancy/31559790?query=django; Ingate;от 95 000 руб.;Проектирование и реализация программных систем. Доработка, отладка и оптимизация существующих программ. Анализ и решение сложных технических проблем.;...от 2 лет. Желательно знание базовых структур данных и операций над ними. Желателен опыт работы с Django, Tornado, Flask, Falcon.
Middle .NET Developer (Web);https://omsk.hh.ru/vacancy/31944654?query=django; ENBISYS;от 70 000 руб.;Web-сервер Nginx. Сервера с алгоритмами машинного обучения на Python + Django, общение с .NET логикой через REST сервисы. ;Back-end написан на C#, .NET Core, Entity Framework, LINQ to SQL, REST и JWT. Доступ к профессиональным ресурсам и...
Middle / Senior Python developer;https://omsk.hh.ru/vacancy/30548119?query=django;ООО МедиаСофт;80 000-130 000 руб.;Любой другой язык программирования. - Как разбираться в чужом коде и вносить в него изменения, работать с легаси.;Английский язык.
Программист Python;https://omsk.hh.ru/vacancy/31697702?query=django; Уральские авиалинии, Авиакомпания;от 40 000 руб.;Поддержка существующих сервисов (корпоративные веб сервисы, внешние API, независимые приложения). Разработка нового ПО (веб стек, приложения на python). ;Опыт промышленного программирования не менее 2 лет. Уверенное знание python. Уверенное знание linux. Опыт работы с базами данных. 
Python-разработчик;https://omsk.hh.ru/vacancy/31936662?query=django; АКМЭ сервис;от 70 000 руб.;Разработка и поддержка программных продуктов компании. Участвовать во всём процессе разработки - от проектирования до запуска. Оптимизировать работу приложения.;Опыт работы от 2х лет. Уверенное владение Python\Django. Опыт написания клиент-серверных приложений. Понимание основных структур данных и...
Автор на бэкенд-факультет в Практикум;https://omsk.hh.ru/vacancy/31959717?query=django; Яндекс;50 000-200 000 руб.;Что делает автор? Автор пишет обучающие курсы: проектирует тему, придумывает примеры и задания, готовит тексты с нашими авторами и редакторами. ;Бэкенд-разработчикам на Python 3 и Django с опытом работы от двух лет. Вы знаете базовые алгоритмы и структуры данных. 
Python разработчик;https://omsk.hh.ru/vacancy/31935749?query=django;ООО Джигсоу;60 000-100 000 руб.;Компания JigSaw в поисках middle python разработчика.;Опыт разработки на python от 2 лет. Общее понимание многопоточной и асинхронной разработки, методов синхронизации. Опыт работы с веб-фреймворками...
DevOps - системный инженер;https://omsk.hh.ru/vacancy/31948676?query=django;ЗАО АКУТА;55 000-100 000 руб.;"Основной стек проектов: VMWare ESXi, Linux, немного Windows; python (django), JavaScript (react.js); PostgreSQL, немного mongodb; gitlab +CI/CD (docker); 2...";Опыт работы с *nix, Windows и какими-либо системами виртуализации. Базовый опыт работы работы с PostgreSQL или SQL, git, web...
Разработчик Python (Middle);https://omsk.hh.ru/vacancy/30613214?query=django; Телепорт - финансовый лидогенератор;100 000-170 000 руб.;Участвовать в разработке сервисов компании с использованием технологий: Django, asyncio, aiohttp. Примеры сервисов: асинхронный rest API, сервис push уведомлений, сервис...;Глубокое знание одного или нескольких фреймворков: Django, Flask, Tornado, aiohttp. Опыт работы с asyncio. Понимать принципы работы и уметь работать...
Python разработчик;https://omsk.hh.ru/vacancy/31923066?query=django;ООО Аксета;50 000-90 000 руб.;;Требуемые навыки: Знание Python. Опыт работы с Django или Flask. Опыт разработки Rest API. Понимание принципов ООП. Знакомство с базовыми...
Программист Python;https://omsk.hh.ru/vacancy/31731442?query=django; Star-staff;150 000-250 000 руб.;Вы будете отвечать за разработку новых функций для платформы бэк-тестирования, которая запускает симуляции для торговых стратегий на разных частотах...;Используемый стек технологий: Python 3, Django, Flask, PostgreSQL, Redis, Clickhouse, MongoDB. Сейчас в команду по развитию торговой платформы открыта вакансия...
Программист Python/PHP;https://omsk.hh.ru/vacancy/31422572?query=django;АО Воентелеком;85 000-104 000 руб.;Разработка и доработка frontend серверной части. Разработка независимых модулей для серверной части системы. Изучение и внедрение новых технологий, разработка архитектурных...;Хорошее знание PHP и Python. Знание Flask (или аналогичного framework, например, Django). Знание AJAX/JavaScript/HTML/CSS. Знание фреймворка Tornado. 
Разработчик Python;https://omsk.hh.ru/vacancy/31194079?query=django;ООО «Баланс-Платформа»;от 140 000 руб.;Реализация банковских продуктов на языке Python (у нас версия 3+). Участие в построении технической архитектуры крупного проекта, выработка решений...;...из нескольких сервисов с коммуникациями между ними: использование очередей rabbitmq/celery/kafka. Знание типовых технологий и фреймворков (Django, Flask, asyncio).
Системный администратор Linux / DevOps;https://omsk.hh.ru/vacancy/31430050?query=django; Snaappy;100 000-150 000 руб.;Поддержание непрерывной работы серверов на базе Linux. Проектирование и развертывание горизонтально масштабируемой инфраструктуры. Релиз-менеджмент, создание и совершенствование инструментов для...;Опыт администрирования реляционных баз данных (PostgreSQL). Знания веб-стека Python (uwsgi, django). Опыт работы с веб-серверами (nginx). 
Специалист 2-й линии службы технической поддержки;https://omsk.hh.ru/vacancy/30067141?query=django; Крона-КС;от 60 000 руб.;Работа на 2-й линии службы технической поддержки. Прием и разрешение инцидентов от 1-й линии техподдержки по работе облачных...;Навыки программирования (минимум на уровне программиста-стажера, стэк - Python/JavaScript). Умение разбираться в программном коде. Ответственность, высокая работоспособность, обучаемость. 
Junior Python разработчик;https://omsk.hh.ru/vacancy/28676233?query=django;ООО МедРейтинг;30 000-35 000 руб.;Для того, чтобы присоединиться к отделу разработки необходимо:;Очень желательно знание Python3. Будет являться существенным преимуществом знание Django. Базовое владение HTML, CSS, JavaScript. В компании есть отдельные...
Django-разработчик;https://omsk.hh.ru/vacancy/31895839?query=django;ИП Султанов Альберт Рифович;20 000-50 000 руб.;Разработка back-end мобильных приложений и web-сервисов. Участие в совместных планированиях, ежедневных стендапах. Ведение статусов своих задач в трекере...;Знание и понимание концепции REST (RESTful API). Опыт работы с Django. Знание ООП, владение основными паттернами проектирования. Linux/git. 
Full-stack разработчик (Python, JavaScript);https://omsk.hh.ru/vacancy/29195763?query=django; LiteBox;100 000-200 000 руб.;Активно участвовать во всех этапах разработки в составе Scrum-команды: от сбора и анализа требований до написания кода и выкатки...;Знание GIT/ GitFlow. Опыт использования СУБД Firebird. Фреймворки CherryPy/Django. Понимание гибких методологий разработки (Scrum). Опыт работы с системами учета...
Full-stack разработчик (Python, JavaScript);https://omsk.hh.ru/vacancy/25586186?query=django; LiteBox;100 000-200 000 руб.;Активно участвовать во всех этапах разработки в составе Scrum-команды: от сбора и анализа требований до написания кода и выкатки...;Знание GIT/ GitFlow. Опыт использования СУБД Firebird. Фреймворки CherryPy/Django. Понимание гибких методологий разработки (Scrum). Опыт работы с системами учета...
Data Analyst (Кипр);https://omsk.hh.ru/vacancy/31938019?query=django; EOtradex;от 2 200 EUR;Построение графических и табличных отчетов.;Необходимый опыт: Python3, pandas, numpy. БД - Postgresql, Mysql. Хорошее знание математики, теории вероятностей и статистики. Преимуществом будет: Google Analytics. 
Data Analyst (Кипр);https://omsk.hh.ru/vacancy/31938020?query=django; EOtradex;от 2 200 EUR;Построение графических и табличных отчетов.;Необходимый опыт: Python3, pandas, numpy. БД - Postgresql, Mysql. Хорошее знание математики, теории вероятностей и статистики. Преимуществом будет: Google Analytics. 
Web-программист;https://omsk.hh.ru/vacancy/31913956?query=django; Mriya Resort & SPA;60 000-115 000 руб.;Оптимизация графических файлов используемых в шаблонах сайта и в его содержании. Оптимизация видео и аудио файлов, встройка текстовой и графической...;Знание HTML/CSS, Adobe Photoshop, знание CMS 1С-Битрикс, django, основ онлайн - маркетинга, SEO – оптимизации. Умение решать не стандартные...
Web-разработчик;https://omsk.hh.ru/vacancy/31638956?query=django;ООО Электроника, ПСЦ;от 40 000 руб.;Качественная разработка программного обеспечения. Разработчик web.;Знание и опыт применения системы контроля версий (git). Приветствуется опыт работы с Django, PostgreSQL, Vue.js, JQuery, EasyUI, Angular, Dojo. 
Data Scientist;https://omsk.hh.ru/vacancy/31868628?query=django; MNFST;до 300 000 руб.;Оценка популярности аккаунта в соцсети и стоимости постинга в аккаунте в рекламном контексте. Антифрод: анализ аномалий в поведении юзера, верификация...;Английский на уровне чтения документации. Опыт построения дашбордов и визуализаций: django, plotly, dash. Диплом ШАД, успехи в kaggle.
Frontend-разработчик;https://omsk.hh.ru/vacancy/30719002?query=django; Галактика;от 120 000 руб.;;Дополнительными плюсами будут: Знания одного из следующих фреймворков .NET Core или Node.js или Django. Typescript. Навыки работы с DevExtreme.
Инженер-программист (Middle Software Engineer);https://omsk.hh.ru/vacancy/31194172?query=django; Институт прикладных экономических исследований РАНХиГС при Президенте Российской Федерации;100 000-140 000 руб.;Разработка web-ориентированных программных сервисов по обработке и графическому представлению больших объёмов гетерогенных данных в социально-экономической сфере. ;Релевантный опыт программирования на любом высокоуровневом языке программирования (Python/ Java / Scala и др.) от 3-х лет. Опыт веб-ориентированной...
Ведущий разработчик облачных решений;https://omsk.hh.ru/vacancy/31900451?query=django; Специальные системы и технологии;от 160 000 руб.;Разработка облачного решения (IoT) по управлению и сборe статистики контрольно-измерительной аппаратуры: регуляторы, датчики, системы контроля протечки воды и прочая...;Английский - технический. ​MQTT (Mosquitto), Django, Elastik, Logstash, Kibana, Ruby/Python, C++, Git, Redis, Postgres SQL​.
Ведущий разработчик облачных решений;https://omsk.hh.ru/vacancy/31900452?query=django; Специальные системы и технологии;от 160 000 руб.;Разработка облачного решения (IoT) по управлению и сборe статистики контрольно-измерительной аппаратуры: регуляторы, датчики, системы контроля протечки воды и прочая...;Английский - технический. ​MQTT (Mosquitto), Django, Elastik, Logstash, Kibana, Ruby/Python, C++, Git, Redis, Postgres SQL​.
DevOps Engineer;https://omsk.hh.ru/vacancy/31825200?query=django; Improvado;150 000-200 000 руб.;Тюнинг системы мониторинга (Prometheus + Cloudwatch + Grafana). Администрирование баз данных (Postgresql). On-call дежурства.;Разработка и поддержка кастомных контроллеров kubernetes на Golang. Умение кодить на Go будет большим плюсом, но возможно и обучение в...
Программист Python;https://omsk.hh.ru/vacancy/31510872?query=django; Русские базовые информационные технологии, Научно-производственное объединение;35 000-70 000 руб.;Сопровождение существующего программного кода. Участие в разработке новых крупных проектов (backend-разработка).;Требования: Опыт разработки на Python 2.7 не менее 1 года. Знание фреймворка Django 1.9 + Django Rest Framework. 
Инженер телекоммуникаций;https://omsk.hh.ru/vacancy/31910647?query=django; ComfortWay;от 70 000 руб.;Поддержание в рабочем состоянии серверов и сервисов компании и их развитие. Настройка и конфигурирование сервисов под нужды клиентов. ;...такое ICCID, IMSI, MSISDN и для чего нужны. Принципы работы OTA Platform. Понимание принципов работы IoT. Знание Python (Django, Twisted).
Python / Django - Разработчик;https://omsk.hh.ru/vacancy/31849146?query=django;ООО Когорта-М;до 150 000 руб.;Разработка и модернизация сервисов и систем. Интеграция со сторонними сервисами.;Аналитическое мышление. Умение работать в режиме многозадачности. Отличное владение Python / Django (понимание принципов ООП, паттернов проектирования). JS, extJS. 
Ведущий разработчик асинхронных бэкендов на Python и PostgreSQL / backend-разработчик;https://omsk.hh.ru/vacancy/31663012?query=django; ДевХаб;до 150 000 руб.;Для бэкендов используем Python, Asyncio, Django, PostgreSQL, Redis, RabbitMQ и другие инструменты. Предпочитаем микросервисную архитектуру. Документацию по API храним в...;Асинхронная и микросервисная архитектура. Требования к профессиональным навыкам: Отличное владение Python 3. Уверенный опыт работы с асинхронными фреймворками на любом...
Python разработчик;https://omsk.hh.ru/vacancy/31061798?query=django;ООО СкайДНС;от 60 000 руб.;Проектирование и разработка высоконагруженных веб-сервисов. Выполнение задач в соответствии с регламентом работ отдела.;Хорошее знание языка Python. Хорошее знание какого либо веб фреймворка (django, flask, tornado, aiohttp и тп). Опыт работы с RDBMS...
Программист-разработчик Full-stack developer (Python/Django/PostgreSQL);https://omsk.hh.ru/vacancy/31841191?query=django;ООО Росэксперт;от 40 000 руб.;Создание и обслуживание приложения на Python/Django/Bootstrap/PostgreSQL, скрапинг/парсинг (scraping/parsing) данных.;Ответственного и целеустремленного.
Web-разработчик / Middle Fullstack developer;https://omsk.hh.ru/vacancy/31886676?query=django; MSK-IX, Центр взаимодействия компьютерных сетей;от 120 000 руб.;разработка Web-приложений, полный цикл от участия в разработке ТЗ до тестирования end-to-end. * участие в code-review, рефакторинг...;уверенное знание Java 8+ (Spring Boot) либо Python (Django). * HTML5, CSS3, навыки верстки. * опыт разработки в одном...
Python-разработчик;https://omsk.hh.ru/vacancy/27041899?query=django;ООО Иви.ру;140 000-180 000 руб.;;Качественный опыт написания кода на python. Свободное владение linux (bash, sed, grep и другие утилиты). Знание классических алгоритмов и структур...
Senior Python Developer (Кипр);https://omsk.hh.ru/vacancy/31532775?query=django; EOtradex;от 2 500 EUR;;Желание и умение писать тесты. Преимуществом будет: Опыт работы Django. Опыт написания масштабируемых распределенных систем. Опыт работы с популярными блокчейн...
Senior Python Developer (Кипр);https://omsk.hh.ru/vacancy/31532776?query=django; EOtradex;от 2 500 EUR;;Желание и умение писать тесты. Преимуществом будет: Опыт работы Django. Опыт написания масштабируемых распределенных систем. Опыт работы с популярными блокчейн...
Back-end разработчик;https://omsk.hh.ru/vacancy/31890451?query=django; Fly Code;30 000-120 000 руб.;Разработка и поддержка интернет-проектов. Выбирать интересные себе проекты.;Знания ООП. Php (laravel/symfony/Yii) - один из трех php фраемворков или python (django) или ruby (RoR). Mysql/postgresql. Git.
Middle python/django /JavaScript программист;https://omsk.hh.ru/vacancy/31832706?query=django; Face Digital Agency;от 100 000 руб.;Разработка программной части веб-приложений (backend + Rest api + вывод во фронт). Поддержка и улучшение ранее разработанных проектов. ;Опыт разработки Web-проектов на Python (django) от 2 лет. Желательно иметь опыт работы с такими пакетами, как Django Suite...
Программист Python;https://omsk.hh.ru/vacancy/31820001?query=django; zClick.pro;150 000-300 000 руб.;Разработка нового функционала на Django (создание кода с нуля). Рефакторинг текущей кодовой базы. Поиск ошибок, их устранение. Развертка репозитория на...;Опыт работы с Python3, Django, PostgreSQL от 2 лет. Опыт работы с Django Rest Framework. Опыт работы с Redis...
Программист Python;https://omsk.hh.ru/vacancy/31846174?query=django;ООО Анлим-Софт;от 40 000 руб.;Создание, доработка и сопровождение разрабатываемого в компании ПО. Тестирование разрабатываемого в компании ПО (в т.ч. создание тестов). ;Опыт работы с Web2py или Django. Знание и умение работать с CSS, HTML, XML, JSON, AJAX, REST. 
Программист Python, Python Developer;https://omsk.hh.ru/vacancy/30470423?query=django; ANCOR FinTech;от 100 000 руб.;Разработка, тестирование, отладка и поддержка серверных приложений на Python.;Опыт работы с Python от 1 года, хорошее знание базовых библиотек. - Желательно опыт работы с Django или Flask, Pyramid (опыт...
Web-разработчик JavaScript, HTML, CSS, React;https://omsk.hh.ru/vacancy/31836230?query=django;ООО ОНГРИД СИСТЕМС;50 000-150 000 руб.;Frontend-разработчиков Middle+ (JavaScript, React JS, HTML, CSS). Backend-разработчиков Middle+ (Python, Django, Flask). QA тестировщика Junior+ (Selenium, JS, HTML...;Для Backend: знание Python, и веб-фреймворков Django/Flask. Умение работать с Git. Знание Linux и навыки работы в консоли. 
Ведущий программист-разработчик Python;https://omsk.hh.ru/vacancy/31812419?query=django;ЗАО АКУТА;70 000-130 000 руб.;Разработка backend с применением python, предполагается фреймворк Django (обсуждается). Проектирование взаимодействия, моделей данных и хранения в БД. Тесное взаимодействие с...;Уверенное знание языка программирования python. Опыт взаимодействия посредством API, JSON. PostgreSQL / SQL, понимание принципов организации хранения данных по объектам в...
Python/Django разработчик (back-end или full-stack) в Сочи;https://omsk.hh.ru/vacancy/31387902?query=django;ООО Колл-Тулз;от 100 000 руб.;Разработка back-end части (в основном). Разработка front-end части (по мере надобности).;Опыт разработки на Python (не ниже уровня middle). Базовые знания Linux. Понимание, как писать оптимальные запросы к БД. JQuery, CSS. 
Системный администратор приложений;https://omsk.hh.ru/vacancy/31888219?query=django; Альфа-Банк;до 140 000 руб.;Сопровождение серверов приложений. Сопровождение серверов СУБД Oracle. Администрирование openshift, kubernetis, docker. Написание и поддержка скриптов shell, pyhton.;Начальные знания по программированию HTML+CSS+JavaScript, python. Написание сервисов (Rest , Soap). Фраймворк Джанго. Spring. Приветствуется начальные знания Jenkis, Bamboo, Jira.
Junior Python разработчик;https://omsk.hh.ru/vacancy/31803486?query=django;ООО B2Basket.ru;от 40 000 руб.;Доработка текущих проектов. Участие в разработке новых проектов.;SQL. Python. (Знание Django большой плюс). Git. Готовность впитывать информацию.
Full Stack Developer (фулл стак разработчик);https://omsk.hh.ru/vacancy/31845648?query=django; Opengift;3 000-3 500 USD;Стартап студия (заказная разработка для стартапов с нуля под ключ, технический и продуктовый консалтинг, создание MVP или MLP). ;python 3 +. - уверенное знание bash, git. - ecmascript, jquery, react. - понимание сетевой архитектуры. - знакомство с bitrix, laravel, django.
Junior Python Разработчик;https://omsk.hh.ru/vacancy/31829855?query=django;ООО Виста;от 20 000 руб.;Поддержка и развитие существующий клиент-серверных продуктов (Python 3 + Flask/Django, MySQL/Oracle(реже)). ** Уметь написать запросы для изменения...;Опыт разработки с Py(QT). * Опыт разработки с Flask/Django. * Базовые представления об алгоритмах и структурах данных. * Знание Unix: опыт...
HTML-верстальщик / Frontend-разработчик;https://omsk.hh.ru/vacancy/31813767?query=django; Muzzmania LLC;до 90 000 руб.;Адаптивная отзывчивая кроссбраузерная верстка. Написание фронт-енд части проекта. Написание всех скриптов, исполняемых на стороне клиента.;Английский на уровне «разобраться с документацией». Опыт работы с фреймворком Django. Умение эффективно решать поставленные задачи, находить альтернативные решения. 
Middle Python разработчик;https://omsk.hh.ru/vacancy/31829865?query=django;ООО Виста;от 35 000 руб.;...3 + Flask/Django, MySQL/Oracle(реже), JS). * Разработка новых клиент-серверных продуктов (Python 3 + Flask/Django, MySQL/Oracle...;Опыт разработки GUI-приложений ЛИБО опыт разработки с Flask/Django. * Базовые представления об алгоритмах и структурах данных. * Знание Unix: опыт...
Разработчик Python/Django;https://omsk.hh.ru/vacancy/31768373?query=django;ООО Маилганер;80 000-130 000 руб.;Разработка back-end компонентов системы. Интеграция с существующими компонентами проектов.;Опыт разработки на Python/Django. Опыт работы в Git. Понимание принципов проектирования баз данных.
Разработчик Python/Django;https://omsk.hh.ru/vacancy/31768375?query=django;ООО Маилганер;80 000-130 000 руб.;Разработка back-end компонентов системы. Интеграция с существующими компонентами проектов.;Опыт разработки на Python/Django. Опыт работы в Git. Понимание принципов проектирования баз данных.
Разработчик Python/Django;https://omsk.hh.ru/vacancy/31768377?query=django;ООО Маилганер;80 000-130 000 руб.;Разработка back-end компонентов системы. Интеграция с существующими компонентами проектов.;Опыт разработки на Python/Django. Опыт работы в Git. Понимание принципов проектирования баз данных.
Разработчик Python/Django;https://omsk.hh.ru/vacancy/31768378?query=django;ООО Маилганер;80 000-130 000 руб.;Разработка back-end компонентов системы. Интеграция с существующими компонентами проектов.;Опыт разработки на Python/Django. Опыт работы в Git. Понимание принципов проектирования баз данных.
Frontend-разработчик;https://omsk.hh.ru/vacancy/31284850?query=django;ООО ГЛОБУС;от 180 000 руб.;Разработкой, поддержкой и сопровождением клиентской части нового веб-приложения Экосистемы Банка класса CRM. Версткой и разработкой клиентской части приложения. ;...к построению SPA. Знание любого языка бэкенда (Java, PHP, Python), а также Django/Django REST Framework. Опубликованные проекты на github.
Fullstack веб-разработчик;https://omsk.hh.ru/vacancy/30015222?query=django;ООО Комэрф;от 25 000 руб.;Процессы и улучшать инструменты аналитики для наших клиентов.;Веб-фреймворком (Vue, Ember, Angular 1/2). * Опыт серверного программирования, предпочтительно на Python/Django или Go. * Знание git. * 
Программист;https://omsk.hh.ru/vacancy/31800195?query=django;ООО Астра Студио;от 40 000 руб.;;Инициативны, желаете осваивать новые технологии, стремитесь к развитию. Желательно: Имеете опыт с Django​​​​​​​. Имеете опыт с Reactjs. Ваши дополнительные плюсы...
Системный архитектор;https://omsk.hh.ru/vacancy/30946166?query=django; Admitad;от 220 000 руб.;Выявление архитектурно значимых требований к ПО. Разработка и описание архитектуры ПО, публичных и внутренних API. Консультирование участников проектной команды по...;Опыт работы от 2-х лет на должности архитектора / ведущего разработчика в ИТ-компании или ИТ-подразделении. Знание основных архитектурных...
Frontend-разработчик;https://omsk.hh.ru/vacancy/30819375?query=django; MGCOM;120 000-140 000 руб.;Участие в разработке нового ПО в рамках проекта. Сопровождение текущего кода.;Английский язык (технический) на уровне, достаточном для чтения и понимания документации. Дополнительным плюсом будет: Опыт разработки на perl/python/django. 
Web разработчик;https://omsk.hh.ru/vacancy/30832128?query=django; ФГБУ ФКП Росреестра;40 000-80 000 руб.;Разработка информационных систем: веб-сервисы и веб-приложения, интеграционное ПО, Windows GUI, консольные Win/Linux утилиты. Оценка трудозатрат на реализацию...;"Использование Web-frameworks Ruby-On-Rails, Django; автоматическое развертывание веб-приложений. Опыт работы с веб-серверами Nginx, Apache. "
Python разработчик ‍‍;https://omsk.hh.ru/vacancy/30934506?query=django;ООО АппФоллоу;70 000-140 000 руб.;Парсинг и хранение данных: (ключевые слова, позиции приложений в Top чартах, фичеринг) в App Store и Google Play, Mac Store...;Python-разработчик, найдись! Уверенное владение Python, MySQL, MongoDB, Redis. Владение WSGI frameworks, Aiohttp или Asyncio производных. Понимание распределенных/параллельных вычислений. 
Редактор сайта;https://omsk.hh.ru/vacancy/31573637?query=django;ПАО Аэрофлот;от 65 000 руб.;Публикация статей на сайте, ведение контентного раздела. Текстовое наполнение сайта: Работа с изображениями: подбор и обработка фотографий. Работа с фотобанками...;Английский язык на профессиональном уровне. Второй иностранный язык приветствуется. Опыт работы с Django CMS будет преимуществом. Приветствуется знание специальных программ...
Backend разработчик;https://omsk.hh.ru/vacancy/31793346?query=django;ООО Подразделение Транспортной Безопасности Русь;от 60 000 руб.;Написание backend серверов для различных модулей приложения: сервер шифрования, сервер почтовика (только API), сайт, соцсеть и другие. Командная работа. ;Опыт коммерческой разработки от 3 лет. Python (Django) / Golang / Java / PHP (Laravel, Yii2) / JS (NodeJS, Angular, Vue.js). 
Python Django Developer;https://omsk.hh.ru/vacancy/31690229?query=django;ООО InfoShell;50 000-90 000 руб.;Участие в проектировании и разработке высоконагруженных, распределенных приложений. Разработка нового функционала и поддержка существующего. Участие в выборе и согласовании оптимального...;SOLID. Знание Django ( плюсом будет Flask ). HTML, CSS, JavaScript. Будет плюсом опыт работы с ML.
Fullstack разработчик (Python/Django);https://omsk.hh.ru/vacancy/31678843?query=django;ПАО «МТС»,IT;80 000-140 000 руб.;Иногда заним ается версткой (но не сильно часто).;Работает с серверными языками программирования (работает на Python-Django/Flask, но знаком и с другими языками, например nodejs/java/php/...). 
Разработчик Python/Django;https://omsk.hh.ru/vacancy/31768374?query=django;ООО Маилганер;80 000-130 000 руб.;Разработка back-end компонентов системы. Интеграция с существующими компонентами проектов.;Опыт разработки на Python/Django. Опыт работы в Git. Понимание принципов проектирования баз данных.
Разработчик Python/Django;https://omsk.hh.ru/vacancy/31768376?query=django;ООО Маилганер;80 000-130 000 руб.;Разработка back-end компонентов системы. Интеграция с существующими компонентами проектов.;Опыт разработки на Python/Django. Опыт работы в Git. Понимание принципов проектирования баз данных.
Разработчик Python/Django;https://omsk.hh.ru/vacancy/31768379?query=django;ООО Маилганер;80 000-130 000 руб.;Разработка back-end компонентов системы. Интеграция с существующими компонентами проектов.;Опыт разработки на Python/Django. Опыт работы в Git. Понимание принципов проектирования баз данных.
Fullstack разработчик на PHP и Python;https://omsk.hh.ru/vacancy/31773731?query=django; Stellarbit;от 100 000 руб.;Разработка ПО на PHP и Python, формы на HTML/Javascript тоже придётся писать, так как отдельного фронтендера у нас пока...;Опыт работы с любыми известными фреймворками (Yii, Laravel, Flask, Django, etc). СУБД PostgreSQL, либо MySQL. HTML5, CSS3, JavaScript...
Python-разработчик;https://omsk.hh.ru/vacancy/31754982?query=django; ТехноНИКОЛЬ;100 000-120 000 руб.;Разработка серверной части крупного приложения и дальнейшая его реализация. Участие в проектировании архитектуры ядра приложения на микросервисной модели. ;Опыт разработки Web API или Web-приложений. Опыт применения какого-либо Web-фреймворка: Django, Flask, Pyramid и прочие. 
Python-разработчик;https://omsk.hh.ru/vacancy/31754983?query=django; ТехноНИКОЛЬ;100 000-120 000 руб.;Разработка серверной части крупного приложения и дальнейшая его реализация. Участие в проектировании архитектуры ядра приложения на микросервисной модели. ;Опыт разработки Web API или Web-приложений. Опыт применения какого-либо Web-фреймворка: Django, Flask, Pyramid и прочие. 
Python-разработчик;https://omsk.hh.ru/vacancy/31754984?query=django; ТехноНИКОЛЬ;100 000-120 000 руб.;Разработка серверной части крупного приложения и дальнейшая его реализация. Участие в проектировании архитектуры ядра приложения на микросервисной модели. ;Опыт разработки Web API или Web-приложений. Опыт применения какого-либо Web-фреймворка: Django, Flask, Pyramid и прочие. 
Python-разработчик;https://omsk.hh.ru/vacancy/31754985?query=django; ТехноНИКОЛЬ;100 000-120 000 руб.;Разработка серверной части крупного приложения и дальнейшая его реализация. Участие в проектировании архитектуры ядра приложения на микросервисной модели. ;Опыт разработки Web API или Web-приложений. Опыт применения какого-либо Web-фреймворка: Django, Flask, Pyramid и прочие. 
Python-разработчик;https://omsk.hh.ru/vacancy/31754986?query=django; ТехноНИКОЛЬ;100 000-120 000 руб.;Разработка серверной части крупного приложения и дальнейшая его реализация. Участие в проектировании архитектуры ядра приложения на микросервисной модели. ;Опыт разработки Web API или Web-приложений. Опыт применения какого-либо Web-фреймворка: Django, Flask, Pyramid и прочие. 
Backend Python Developer;https://omsk.hh.ru/vacancy/30914338?query=django;ООО Авгуро Технолоджис;до 180 000 руб.;Back-end-разработчику предстоит реализовывать и развивать серверную часть веб-сервисов, принимая аналитические архитектурные решения, а также дорабатывать имеющуюся инфраструктуру.;От 1 год коммерческого опыта в Python, Django, SQL (опыт во freelance не учитывается). Уверенное владение Linux. Знание SQL и...
Программист Python;https://omsk.hh.ru/vacancy/31681104?query=django;ООО Quins;130 000-200 000 руб.;Участие в проектировании и разработке веб-сервисов и API для мобильных приложений.;Умение проверять свой код и отвечать за результат своей работы. Опыт работы с Flask/Django. Опыт работы с реляционными базами...
Программист Python;https://omsk.hh.ru/vacancy/31691202?query=django; Osla;от 120 000 руб.;Работа над архитектурой. Разработка новых и развитие существующих модулей в рамках DRF. Внедрение актуальных методик в процесс разработки. ;Опыт разработки клиент-серверных приложений (backend) на основе Django REST framework. Умение работать с Git, Linux. Опыт работы по гибким...
Web-разработчик;https://omsk.hh.ru/vacancy/31738194?query=django; VISION-WEB;от 20 000 руб.;Поддержка клиентских проектов - сайты на популярных CMS (Django, WP, Opencart, DIAFAN). Осуществление интеграций между облачными SaaS сервисами - телефония, провайдеры рассылок...;PHP/Python+Django на начальном уровне, с пониманием/опытом работы по модели MVC, опыт работы с БД. JavaScript (jQuery) на начальном...
Разработчик мобильного приложения / React Native Developer;https://omsk.hh.ru/vacancy/31751207?query=django; ComfortWay;от 70 000 руб.;Разработка мобильного приложения на React Native для iOS / Android. Доработка существующего приложения. Работа с различными протоколами и форматами обмена данными. ;Основ (или полноценное знание) языков SQL, Python и Java. Системы управления данных PostgreSQL (Django). Unix-подобных операционных систем / Debian. 
Разработчик web-приложений на Python;https://omsk.hh.ru/vacancy/31730212?query=django; Demis Group;140 000-200 000 руб.;Принимает нестандартные, но обоснованные решения, когда изыскания банальных, но неподходящих вариантов уже исчерпаны.;Работал хотя бы с одним фреймворком на Python (CherryPy/Django/ Flask). Знаком с JS-фреймворками (jQuery, React, AngularJS, Vue). 
QA Engineer;https://omsk.hh.ru/vacancy/31326223?query=django;ООО Авгуро Технолоджис;20 000-75 000 руб.;Подготовка сценариев для функционального тестирования. На основе составленных тестовых сценариев, проведение функционального тестирования ПО. Документирование результатов тестирования в протоколах, оформление...;Базовые знания SQL, и различных ORM: SQLAlchemy, Django ORM . Базовые знания Python и Django. Желание учиться и повышать свою квалификацию.
Ведущий разработчик Python (Team Lead);https://omsk.hh.ru/vacancy/30373653?query=django;АО НИИ МАСШТАБ;90 000-110 000 руб.;Поддержка существующей кодовой базы. Проектирование архитектурных решений. Разработка ключевых программных модулей. Прототипирование архитектуры. Проведение код ревью.;Опыт работы базами данных MySQL и кэшем Redis. Знание веб-фреймворка Flask или Django. Опыт работы с Celery. 
Старший разработчик;https://omsk.hh.ru/vacancy/31710837?query=django;ООО Дивиэм Групп;от 40 000 руб.;Взаимодействие с внутренними отделами компании. Анализ и предложение вариантов синхронизации с внешними сервисами и компаниями. Описание задач для доработки системы. ;Опыт работы с CRM. Опыт внедрения различных сервисов. Опыт работа с task-менеджерами. Знание HTML/CSS. Знание python/django/JS...
Linux системный администратор / Администратор баз данных;https://omsk.hh.ru/vacancy/31751261?query=django; ComfortWay;от 50 000 руб.;Мониторинг инфраструктуры и устранение инцидентов, интеграция систем, использование Sentry. Администрирование баз данных PostgreSQL (через Django ORM), Redis (celery), бэкап. ;Администрирование Debian, умение настраивать сложные конфигурации. Linux и Windows-узлами. Хранилищами данных. Реляционными СУБД. Сетевыми устройствами по SSH или WinRM...
Java Developer (PyCharm);https://omsk.hh.ru/vacancy/22623387?query=django; JetBrains;от 160 000 руб.;Разрабатывать интеграцию с популярными Веб-фреймворками: Django, Pyramid, Flask и др. Улучшать поддержку запуска, отладки и профилирования приложений. ;Мы хотим видеть тебя в своей команде, если ты: Имеешь опыт разработки на Java от 3-х лет. 
Java Software Developer (PyCharm);https://omsk.hh.ru/vacancy/22623386?query=django; JetBrains;от 160 000 руб.;Разрабатывать интеграцию с популярными Веб-фреймворками: Django, Pyramid, Flask и др. Улучшать поддержку запуска, отладки и профилирования приложений. ;Мы хотим видеть тебя в своей команде, если ты: Имеешь опыт разработки на Java от 3-х лет. 
Программист Python;https://omsk.hh.ru/vacancy/29773167?query=django; ФОГСТРИМ;57 000-104 000 руб.;Сопровождать/писать с нуля различные веб-сервисы на Python/Django.;Python/Django. Знаете, что такое декораторы, middleware, prefetch_related, Q и F объекты. JavaScript: jQuery, Ajax. В идеале еще и ExtJS...
Senior Software Developer (PyCharm);https://omsk.hh.ru/vacancy/22056926?query=django; JetBrains;от 180 000 руб.;Разрабатывать интеграцию с популярными Веб-фреймворками: Django, Pyramid, Flask и др. Улучшать поддержку запуска, отладки и профилирования приложений. ;Мы хотим видеть тебя в своей команде, если ты: Имеешь опыт разработки на Java от 5-ти лет. 
Senior Software Engineer (PyCharm);https://omsk.hh.ru/vacancy/20458455?query=django; JetBrains;от 180 000 руб.;Разрабатывать интеграцию с популярными Веб-фреймворками: Django, Pyramid, Flask и др. Улучшать поддержку запуска, отладки и профилирования приложений. ;Мы хотим видеть тебя в своей команде, если ты: Имеешь опыт разработки на Java от 5ти лет. 
Разработчик Python;https://omsk.hh.ru/vacancy/30392442?query=django; AdCombo.com;от 100 000 руб.;Разработка высоконагруженных систем распределения трафика. Участие в разработке архитектуры новых узлов и улучшения старых. Писать код с использованием Flask, SQLAlchemy...;Уверенное знание Python 3. Опыт работы с такими технологиями/фреймворками: Flask, SQLAlchemy. Английский язык на уровне чтения статей и технической...
Support Engineer (PyCharm);https://omsk.hh.ru/vacancy/28206107?query=django; JetBrains;от 130 000 руб.;Воспроизведение дефектов по репортам пользователей. Работа с баг-трекером.;Считаешь, что любой софт в первую очередь пишется для пользователей. Знаком с языком программирования Python в объеме достаточном для написания...
Python Developer;https://omsk.hh.ru/vacancy/31617240?query=django; Toughbyte;2 000-3 000 USD;Необходимое оборудование предоставляется по запросу.;Опыт работы от двух лет с Python (будет плюсом опыт с 3 версией) и Django. Знание БД SQL и NoSQL. 
Senior Python Developer;https://omsk.hh.ru/vacancy/31578004?query=django; EOtradex;от 3 000 EUR;;Опыт работы с WebSocket. Глубокое знание Python 3, Django, Celery, Aiohttp, Gunicorn. Знание Node.js. Postgres, Mysql, Redis, Elastic. 
Стажер-разработчик Python;https://omsk.hh.ru/vacancy/29836917?query=django; ФОГСТРИМ;от 23 000 руб.;Сопровождать/писать с нуля различные веб-сервисы на Python/Django. Теста.;Знать, что такое декораторы, middleware, prefetch_related, Q и F объекты. Работа с JavaScript: jQuery, Ajax. Любовь к красивому коду - он...
Full stack разработчик (Python + JavaScript);https://omsk.hh.ru/vacancy/31578119?query=django; Город Иннополис;80 000-150 000 руб.;Разработка клиентов приема-передачи данных на основе языка Python (прием/формирование данных по HTTPS в формате JSON-RPC, запись/получение...;Разработка в области Web -технологий от 1-го года. Уверенное знание и опыт применения Python (Django). Хорошее знание JavaScript, HTML...
Full stack разработчик (Python + JavaScript);https://omsk.hh.ru/vacancy/31578120?query=django; Город Иннополис;80 000-150 000 руб.;Разработка клиентов приема-передачи данных на основе языка Python (прием/формирование данных по HTTPS в формате JSON-RPC, запись/получение...;Разработка в области Web -технологий от 1-го года. Уверенное знание и опыт применения Python (Django). Хорошее знание JavaScript, HTML...
Full stack разработчик (Python + JavaScript);https://omsk.hh.ru/vacancy/31578121?query=django; Город Иннополис;80 000-150 000 руб.;Разработка клиентов приема-передачи данных на основе языка Python (прием/формирование данных по HTTPS в формате JSON-RPC, запись/получение...;Разработка в области Web -технологий от 1-го года. Уверенное знание и опыт применения Python (Django). Хорошее знание JavaScript, HTML...
Middle Backend developer;https://omsk.hh.ru/vacancy/30765499?query=django; Brandquad;60 000-120 000 руб.;Разработка backend для B2B SaaS. Разработка масштабируемых высоконагруженных решений. Создание новых компонентов, модулей системы. Оптимизация существующих систем.;Опыт работы Python разработчиком от 1 года. Знание PostgreSQL на уровне запросов и оптимизации запросов. Linux advanced user. Git.
Python Developer;https://omsk.hh.ru/vacancy/31547499?query=django; Investex Ltd;160 000-250 000 руб.;Проектировать и разрабатывать веб-сервисы на языке Python с использованием Django и/или Flask. Разрабатывать сложные системы взаимодействия с внешними...;Опыт проектирования и разработки сложных высоконагруженных систем. Отличные знания Python 3.6, Django/Flask, MySQL. Отличные знания общих вопросов программирования...
Python Developer;https://omsk.hh.ru/vacancy/31547395?query=django; Investex Ltd;160 000-250 000 руб.;Проектировать и разрабатывать веб-сервисы на языке Python с использованием Django и/или Flask. Разрабатывать сложные системы взаимодействия с внешними...;Опыт проектирования и разработки сложных высоконагруженных систем. Отличные знания Python 3.6, Django/Flask, MySQL. Отличные знания общих вопросов программирования...
Python-Разработчик/Python Developer;https://omsk.hh.ru/vacancy/31522357?query=django; BestDoctor;120 000-150 000 руб.;Backend-разработка внутренних продуктов. Участие в формировании технической стратегии BestDoctor и ее реализация. Проведение code review. Покрытие кодовой базы тестами.;Опыт работы с Django от года. Хорошее знание Git, PostgreSQL. Опыт работы с pytest/unittest. Хорошее знание Django ORM. 
Web-программист;https://omsk.hh.ru/vacancy/31582486?query=django; 1С-Коннект;50 000-70 000 руб.;"Участие в разработке, сопровождении и развитии облачных ресурсов нашего интернет-сервиса ""1С-Коннект"", в том числе высоконагруженных и телекоммуникационных.";Приветствуется знание PHP, Python, умение работать с virtualenv. Приветствуется знание Django, Tornado и асинхронных серверов. Умение работать в команде программистов. 
Senior Python developer в музыкальный стриминговый сервис Звук;https://omsk.hh.ru/vacancy/29647473?query=django; Звук;от 180 000 руб.;Программировать на Python 2/3, Go. Исправлять баги и оптимизировать производительность. Делать code review. Декомпозировать и оценивать трудоемкость задач. ;Python/Go, PostgreSQL, django/flask и другие сопутствующие технологии. Знание и применение на практике принципов микросервисной разработки (KISS, DRY, SOLID). 
Инженер-программист;https://omsk.hh.ru/vacancy/31772651?query=django;ОАО Концерн НПО Аврора;до 120 000 руб.;Разработка корпоративных web-приложений в составе рабочей группы. Координация работы рабочих групп - соисполнителей. Разработка программной документации.;Уверенное знание HTML, CSS, JS, Python (Django), PHP. Опыт самостоятельной разработки web-приложений на языке программирования Python (Django). 
Senior Python Developer.;https://omsk.hh.ru/vacancy/31534246?query=django; Effective;80 000-150 000 руб.;Разработка backend для Web приложения. Разработка панели администрирования на Vue.js. Интеграция с Machine Learning библиотекой для обработки видео. ;Опыт работы с Python 2.7 and Python 3.6. Опыт работы с Django, Celery. FFMPEG. Проектирование REST API. 
Старший Python-Разработчик/Senior Python Developer;https://omsk.hh.ru/vacancy/31522047?query=django; BestDoctor;170 000-230 000 руб.;Разработка backend-составляющей нового продукта. Интеграция продукта в существующую систему. Участие в формировании технической стратегии BestDoctor и ее реализация. ;Опыт работы с Django от двух лет. Хорошее знание Django ORM. Хорошее знание Git, PostgreSQL. Опыт работы с pytest/unittest. 
Главный специалист по разработке прикладного ПО;https://omsk.hh.ru/vacancy/31255428?query=django;ПАО Т Плюс;от 60 000 руб.;Разработка программного обеспечения по корпоративным проектам. Ведение документации: подготовка технических заданий, документирование программного кода. Работа с ТЗ. Проектирование схем БД. ;Знания в сфере web-разработки: Linux + Nginx, Pynthon + Django, PostgreSQL, PHP, приветствуется знание Laravel, опыт экспорта и импорта...
Backend разработчик;https://omsk.hh.ru/vacancy/31572240?query=django;ООО ТрэкТрэк;от 100 000 руб.;Вести и планировать бэкенд- и API-разработку сервиса агрегации и интеллектуального анализа новостей. Встраивать модели машинного обучения в production-версию...;Хорошее владение Python 3.6+. Уверенное знание Django + Django REST Framework, опыт коммерческой разработки и/или pet projects...
Программист 1 категории сетевого ПО;https://omsk.hh.ru/vacancy/31612390?query=django;АО Уфанет;50 000-50 000 руб.;Разработкой системы технического учета оборудования компании и инструментария поддержки работы системных администраторов. (Back-end + Front-end).;Знание языков: Python 2/3. Знание Django: ORM-запросы(select_related/prefetch_related, F, Q, annotate и т.д.), DRF. 
Стажер-программист;https://omsk.hh.ru/vacancy/31566778?query=django;ООО АйТи-Проекты;3 000-6 000 руб.;Обучение программированию модулей для информационной системы Odoo.;Опыт работы с системой git. Умение читать документацию на английском языке. Стек технологий сходный к фреймворку Django:
Ведущий разработчик;https://omsk.hh.ru/vacancy/31544060?query=django;ООО Специальная интеграция;от 150 000 руб.;Развитие архитектуры ИС, исследование и оценка перспектив использования новых технологий. Контроль качества и целостности архитектуры продукта на всем жизненном цикле. ;Опыт работы от 2-х лет на Python, Django, Flask. Опыт работы с СУБД PostgreSQL. Умение разбираться в чужом коде. 
Программист Python;https://omsk.hh.ru/vacancy/31271123?query=django;ООО ТД Технодар;45 000-75 000 руб.;Разработка, тестирование и поддержка REST API приложения. Взаимодействие с разработчиками базы данных и пользовательского интерфейса. Оптимизация серверного приложения для эффективной...;Опыт использования фреймворков для разработки web-приложений (Django, Ruby on Rails и прочие). Знание современных методов и средств проектирования, разработки...
